id, count201510
1 , 0
2 , 0
3 , 0
4 , 0
5 , 0
6 , 0
7 , 0
8 , 0
9 , 0
10 , 0
11 , 0
12 , 0
13 , 0
14 , 0
15 , 0
16 , 0
17 , 0
18 , 0
19 , 0
20 , 0
21 , 0
22 , 0
23 , 0
24 , 0
25 , 0
26 , 0
27 , 0
28 , 0
29 , 0
30 , 0
31 , 0
32 , 0
33 , 0
34 , 0
35 , 0
36 , 0
37 , 0
38 , 0
39 , 0
40 , 0
41 , 0
42 , 0
43 , 0
44 , 0
45 , 0
46 , 0
47 , 0
48 , 0
49 , 0
50 , 0
51 , 0
52 , 0
53 , 0
54 , 0
55 , 0
56 , 0
57 , 0
58 , 0
59 , 0
60 , 0
61 , 0
62 , 0
63 , 0
64 , 0
65 , 0
66 , 0
67 , 0
68 , 0
69 , 0
70 , 0
71 , 0
72 , 0
73 , 0
74 , 0
75 , 0
76 , 0
77 , 0
78 , 2
79 , 0
80 , 0
81 , 0
82 , 0
83 , 0
84 , 0
85 , 0
86 , 0
87 , 0
88 , 0
89 , 0
90 , 0
91 , 0
92 , 0
93 , 0
94 , 0
95 , 0
96 , 0
97 , 0
98 , 16
99 , 0
100 , 0
101 , 0
102 , 0
103 , 0
104 , 0
105 , 0
106 , 0
107 , 0
108 , 0
109 , 0
110 , 0
111 , 0
112 , 0
113 , 0
114 , 0
115 , 0
116 , 0
117 , 0
118 , 0
119 , 0
120 , 0
121 , 0
122 , 0
123 , 0
124 , 0
125 , 0
126 , 0
127 , 0
128 , 0
129 , 0
130 , 0
131 , 0
132 , 0
133 , 0
134 , 0
135 , 0
136 , 0
137 , 0
138 , 0
139 , 0
140 , 0
141 , 0
142 , 0
143 , 0
144 , 0
145 , 0
146 , 0
147 , 0
148 , 0
149 , 0
150 , 0
151 , 0
152 , 0
153 , 0
154 , 0
155 , 0
156 , 0
157 , 0
158 , 0
159 , 0
160 , 0
161 , 0
162 , 0
163 , 0
164 , 0
165 , 0
166 , 0
167 , 0
168 , 0
169 , 0
170 , 0
171 , 0
172 , 0
173 , 0
174 , 0
175 , 0
176 , 0
177 , 0
178 , 0
179 , 0
180 , 0
181 , 0
182 , 0
183 , 0
184 , 0
185 , 0
186 , 0
187 , 0
188 , 0
189 , 0
190 , 0
191 , 0
192 , 0
193 , 0
194 , 0
195 , 0
196 , 0
197 , 0
198 , 0
199 , 0
200 , 0
201 , 0
202 , 0
203 , 0
204 , 0
205 , 0
206 , 0
207 , 3766
208 , 0
209 , 0
210 , 0
211 , 0
212 , 0
213 , 0
214 , 0
215 , 0
216 , 0
217 , 0
218 , 0
219 , 0
220 , 0
221 , 0
222 , 0
223 , 0
224 , 0
225 , 0
226 , 0
227 , 0
228 , 0
229 , 0
230 , 0
231 , 79
232 , 77
233 , 0
234 , 7
235 , 5
236 , 0
237 , 0
238 , 0
239 , 0
240 , 0
241 , 0
242 , 0
243 , 0
244 , 0
245 , 0
246 , 0
247 , 0
248 , 0
249 , 0
250 , 0
251 , 0
252 , 0
253 , 0
254 , 0
255 , 0
256 , 0
257 , 0
258 , 0
259 , 0
260 , 0
261 , 0
262 , 0
263 , 0
264 , 0
265 , 0
266 , 0
267 , 0
268 , 0
269 , 0
270 , 0
271 , 0
272 , 0
273 , 0
274 , 0
275 , 0
276 , 0
277 , 0
278 , 0
279 , 0
280 , 0
281 , 0
282 , 0
283 , 0
284 , 0
285 , 0
286 , 0
287 , 0
288 , 0
289 , 0
290 , 0
291 , 0
292 , 0
293 , 0
294 , 0
295 , 0
296 , 0
297 , 0
298 , 0
299 , 0
300 , 0
301 , 0
302 , 0
303 , 0
304 , 0
305 , 0
306 , 0
307 , 0
308 , 0
309 , 0
310 , 0
311 , 0
312 , 0
313 , 0
314 , 0
315 , 0
316 , 0
317 , 0
318 , 0
319 , 0
320 , 0
321 , 0
322 , 0
323 , 0
324 , 0
325 , 0
326 , 0
327 , 0
328 , 0
329 , 0
330 , 0
331 , 0
332 , 0
333 , 0
334 , 0
335 , 0
336 , 0
337 , 0
338 , 0
339 , 0
340 , 0
341 , 0
342 , 0
343 , 0
344 , 0
345 , 0
346 , 0
347 , 0
348 , 0
349 , 0
350 , 0
351 , 0
352 , 0
353 , 0
354 , 0
355 , 0
356 , 0
357 , 0
358 , 0
359 , 0
360 , 0
361 , 0
362 , 0
363 , 0
364 , 0
365 , 0
366 , 0
367 , 0
368 , 0
369 , 0
370 , 0
371 , 0
372 , 0
373 , 0
374 , 0
375 , 0
376 , 0
377 , 0
378 , 0
379 , 0
380 , 0
381 , 0
382 , 0
383 , 0
384 , 0
385 , 0
386 , 0
387 , 0
388 , 0
389 , 0
390 , 0
391 , 0
392 , 0
393 , 0
394 , 0
395 , 0
396 , 0
397 , 0
398 , 0
399 , 0
400 , 0
401 , 0
402 , 0
403 , 0
404 , 0
405 , 0
406 , 0
407 , 0
408 , 0
409 , 0
410 , 0
411 , 0
412 , 0
413 , 0
414 , 0
415 , 0
416 , 0
417 , 0
418 , 0
419 , 0
420 , 0
421 , 0
422 , 0
423 , 0
424 , 0
425 , 0
426 , 0
427 , 0
428 , 0
429 , 0
430 , 0
431 , 0
432 , 0
433 , 0
434 , 0
435 , 0
436 , 0
437 , 0
438 , 0
439 , 0
440 , 0
441 , 0
442 , 0
443 , 0
444 , 0
445 , 0
446 , 0
447 , 0
448 , 0
449 , 0
450 , 0
451 , 0
452 , 0
453 , 0
454 , 0
455 , 0
456 , 0
457 , 0
458 , 0
459 , 0
460 , 0
461 , 0
462 , 0
463 , 0
464 , 0
465 , 0
466 , 0
467 , 0
468 , 0
469 , 0
470 , 0
471 , 0
472 , 0
473 , 0
474 , 0
475 , 0
476 , 0
477 , 0
478 , 0
479 , 0
480 , 0
481 , 0
482 , 0
483 , 0
484 , 0
485 , 0
486 , 0
487 , 0
488 , 0
489 , 0
490 , 0
491 , 0
492 , 0
493 , 0
494 , 0
495 , 0
496 , 0
497 , 0
498 , 0
499 , 0
500 , 0
501 , 0
502 , 0
503 , 0
504 , 0
505 , 0
506 , 0
507 , 0
508 , 0
509 , 0
510 , 0
511 , 0
512 , 0
513 , 0
514 , 0
515 , 0
516 , 0
517 , 0
518 , 0
519 , 0
520 , 0
521 , 0
522 , 0
523 , 0
524 , 0
525 , 0
526 , 0
527 , 0
528 , 0
529 , 0
530 , 22700
531 , 0
532 , 0
533 , 0
534 , 0
535 , 0
536 , 0
537 , 1042
538 , 0
539 , 0
540 , 0
541 , 0
542 , 1588
543 , 1382
544 , 0
545 , 0
546 , 0
547 , 0
548 , 0
549 , 0
550 , 0
551 , 0
552 , 0
553 , 0
554 , 0
555 , 0
556 , 0
557 , 0
558 , 0
559 , 0
560 , 0
561 , 0
562 , 0
563 , 0
564 , 0
565 , 0
566 , 0
567 , 0
568 , 0
569 , 0
570 , 0
571 , 19
572 , 26
573 , 0
574 , 217
575 , 0
576 , 29
577 , 0
578 , 0
579 , 0
580 , 0
581 , 0
582 , 8
583 , 22
584 , 0
585 , 0
586 , 0
587 , 0
588 , 0
589 , 0
590 , 0
591 , 0
592 , 0
593 , 0
594 , 0
595 , 0
596 , 0
597 , 0
598 , 0
599 , 0
600 , 0
601 , 0
602 , 0
603 , 0
604 , 0
605 , 0
606 , 0
607 , 0
608 , 0
609 , 0
610 , 0
611 , 0
612 , 0
613 , 0
614 , 0
615 , 0
616 , 0
617 , 0
618 , 0
619 , 0
620 , 0
621 , 0
622 , 0
623 , 0
624 , 0
625 , 0
626 , 0
627 , 0
628 , 0
629 , 0
630 , 0
631 , 0
632 , 0
633 , 0
634 , 0
635 , 0
636 , 0
637 , 0
638 , 0
639 , 0
640 , 0
641 , 0
642 , 0
643 , 0
644 , 0
645 , 0
646 , 0
647 , 0
648 , 0
649 , 0
650 , 0
651 , 0
652 , 0
653 , 0
654 , 0
655 , 0
656 , 0
657 , 0
658 , 0
659 , 0
660 , 0
661 , 0
662 , 0
663 , 0
664 , 0
665 , 0
666 , 0
667 , 0
668 , 0
669 , 0
670 , 0
671 , 0
672 , 0
673 , 0
674 , 0
675 , 0
676 , 0
677 , 0
678 , 0
679 , 0
680 , 0
681 , 0
682 , 0
683 , 0
684 , 0
685 , 0
686 , 0
687 , 0
688 , 0
689 , 0
690 , 0
691 , 0
692 , 0
693 , 0
694 , 0
695 , 0
696 , 0
697 , 0
698 , 0
699 , 0
700 , 0
701 , 0
702 , 0
703 , 0
704 , 0
705 , 0
706 , 0
707 , 0
708 , 0
709 , 0
710 , 0
711 , 0
712 , 0
713 , 0
714 , 0
715 , 0
716 , 0
717 , 0
718 , 0
719 , 0
720 , 0
721 , 0
722 , 0
723 , 0
724 , 0
725 , 0
726 , 0
727 , 0
728 , 0
729 , 0
730 , 0
731 , 0
732 , 0
733 , 0
734 , 0
735 , 0
736 , 0
737 , 0
738 , 0
739 , 0
740 , 0
741 , 0
742 , 0
743 , 0
744 , 0
745 , 0
746 , 37
747 , 0
748 , 0
749 , 0
750 , 0
751 , 0
752 , 0
753 , 0
754 , 0
755 , 0
756 , 0
757 , 0
758 , 0
759 , 0
760 , 0
761 , 0
762 , 0
763 , 0
764 , 0
765 , 0
766 , 0
767 , 0
768 , 0
769 , 0
770 , 0
771 , 25
772 , 0
773 , 0
774 , 0
775 , 0
776 , 0
777 , 0
778 , 0
779 , 0
780 , 0
781 , 0
782 , 0
783 , 0
784 , 0
785 , 0
786 , 0
787 , 0
788 , 0
789 , 0
790 , 0
791 , 3075
792 , 748
793 , 130
794 , 0
795 , 0
796 , 198
797 , 22
798 , 45
799 , 36
800 , 18
801 , 3254
802 , 3098
803 , 38
804 , 483
805 , 63
806 , 0
807 , 41608
808 , 0
809 , 0
810 , 748
811 , 161360
812 , 643
813 , 0
814 , 0
815 , 0
816 , 0
817 , 0
818 , 0
819 , 0
820 , 0
821 , 0
822 , 0
823 , 0
824 , 0
825 , 0
826 , 0
827 , 0
828 , 0
829 , 0
830 , 0
831 , 75691
832 , 0
833 , 233
834 , 0
835 , 0
836 , 160
837 , 0
838 , 0
839 , 0
840 , 0
841 , 0
842 , 0
843 , 0
844 , 0
845 , 0
846 , 0
847 , 0
848 , 0
849 , 0
850 , 0
851 , 0
852 , 0
853 , 0
854 , 0
855 , 0
856 , 0
857 , 0
858 , 0
859 , 0
860 , 0
861 , 0
862 , 0
863 , 0
864 , 0
865 , 0
866 , 0
867 , 0
868 , 0
869 , 0
870 , 0
871 , 0
872 , 0
873 , 0
874 , 0
875 , 0
876 , 0
877 , 0
878 , 0
879 , 0
880 , 0
881 , 0
882 , 0
883 , 0
884 , 0
885 , 0
886 , 0
887 , 0
888 , 0
889 , 0
890 , 0
891 , 0
892 , 0
893 , 0
894 , 0
895 , 0
896 , 0
897 , 0
898 , 0
899 , 0
900 , 0
901 , 0
902 , 0
903 , 0
904 , 0
905 , 0
906 , 0
907 , 0
908 , 0
909 , 0
910 , 0
911 , 0
912 , 0
913 , 1
914 , 0
915 , 3
916 , 0
917 , 0
918 , 0
919 , 0
920 , 0
921 , 0
922 , 0
923 , 0
924 , 0
925 , 0
926 , 0
927 , 0
928 , 0
929 , 0
930 , 0
931 , 0
932 , 0
933 , 0
934 , 0
935 , 0
936 , 0
937 , 0
938 , 0
939 , 0
940 , 0
941 , 50
942 , 0
943 , 0
944 , 0
945 , 0
946 , 0
947 , 0
948 , 0
949 , 0
950 , 0
951 , 0
952 , 0
953 , 0
954 , 0
955 , 0
956 , 0
957 , 0
958 , 0
959 , 0
960 , 0
961 , 0
962 , 0
963 , 0
964 , 0
965 , 0
966 , 0
967 , 0
968 , 0
969 , 0
970 , 0
971 , 0
972 , 0
973 , 0
974 , 0
975 , 0
976 , 0
977 , 0
978 , 0
979 , 0
980 , 0
981 , 0
982 , 0
983 , 0
984 , 0
985 , 0
986 , 0
987 , 0
988 , 0
989 , 0
990 , 0
991 , 0
992 , 0
993 , 0
994 , 0
995 , 0
996 , 0
997 , 0
998 , 0
999 , 0
1000 , 0
1001 , 0
1002 , 0
1003 , 0
1004 , 0
1005 , 0
1006 , 0
1007 , 0
1008 , 0
1009 , 0
1010 , 0
1011 , 0
1012 , 0
1013 , 0
1014 , 0
1015 , 0
1016 , 0
1017 , 0
1018 , 0
1019 , 0
1020 , 0
1021 , 0
1022 , 0
1023 , 0
1024 , 0
1025 , 0
1026 , 0
1027 , 0
1028 , 0
1029 , 0
1030 , 0
1031 , 0
1032 , 0
1033 , 0
1034 , 0
1035 , 0
1036 , 0
1037 , 0
1038 , 0
1039 , 0
1040 , 0
1041 , 0
1042 , 0
1043 , 0
1044 , 0
1045 , 0
1046 , 0
1047 , 0
1048 , 0
1049 , 0
1050 , 0
1051 , 0
1052 , 0
1053 , 0
1054 , 0
1055 , 0
1056 , 0
1057 , 0
1058 , 0
1059 , 0
1060 , 0
1061 , 0
1062 , 0
1063 , 0
1064 , 0
1065 , 0
1066 , 0
1067 , 0
1068 , 0
1069 , 0
1070 , 0
1071 , 0
1072 , 0
1073 , 0
1074 , 0
1075 , 0
1076 , 0
1077 , 0
1078 , 0
1079 , 0
1080 , 0
1081 , 0
1082 , 0
1083 , 0
1084 , 0
1085 , 0
1086 , 0
1087 , 0
1088 , 0
1089 , 0
1090 , 0
1091 , 0
1092 , 0
1093 , 0
1094 , 0
1095 , 0
1096 , 0
1097 , 0
1098 , 0
1099 , 0
1100 , 0
1101 , 0
1102 , 0
1103 , 0
1104 , 0
1105 , 0
1106 , 0
1107 , 0
1108 , 0
1109 , 0
1110 , 0
1111 , 0
1112 , 0
1113 , 0
1114 , 0
1115 , 0
1116 , 0
1117 , 0
1118 , 22
1119 , 0
1120 , 0
1121 , 0
1122 , 0
1123 , 0
1124 , 0
1125 , 0
1126 , 0
1127 , 0
1128 , 0
1129 , 0
1130 , 0
1131 , 0
1132 , 0
1133 , 0
1134 , 0
1135 , 0
1136 , 0
1137 , 0
1138 , 0
1139 , 0
1140 , 0
1141 , 0
1142 , 0
1143 , 0
1144 , 0
1145 , 0
1146 , 0
1147 , 0
1148 , 0
1149 , 0
1150 , 0
1151 , 0
1152 , 0
1153 , 0
1154 , 0
1155 , 0
1156 , 0
1157 , 0
1158 , 0
1159 , 0
1160 , 0
1161 , 0
1162 , 0
1163 , 0
1164 , 0
1165 , 0
1166 , 2105
1167 , 143
1168 , 947
1169 , 887
1170 , 3405
1171 , 0
1172 , 0
1173 , 0
1174 , 0
1175 , 0
1176 , 0
1177 , 0
1178 , 0
1179 , 0
1180 , 0
1181 , 0
1182 , 0
1183 , 0
1184 , 0
1185 , 0
1186 , 0
1187 , 0
1188 , 0
1189 , 0
1190 , 0
1191 , 0
1192 , 0
1193 , 0
1194 , 0
1195 , 0
1196 , 0
1197 , 0
1198 , 0
1199 , 0
1200 , 0
1201 , 0
1202 , 0
1203 , 0
1204 , 0
1205 , 0
1206 , 0
1207 , 0
1208 , 0
1209 , 0
1210 , 0
1211 , 0
1212 , 0
1213 , 0
1214 , 0
1215 , 0
1216 , 0
1217 , 0
1218 , 0
1219 , 0
1220 , 0
1221 , 0
1222 , 0
1223 , 0
1224 , 0
1225 , 0
1226 , 0
1227 , 0
1228 , 0
1229 , 0
1230 , 0
1231 , 0
1232 , 8
1233 , 13
1234 , 24
1235 , 0
1236 , 0
1237 , 0
1238 , 24
1239 , 14
1240 , 0
1241 , 0
1242 , 0
1243 , 0
1244 , 0
1245 , 0
1246 , 0
1247 , 0
1248 , 0
1249 , 0
1250 , 0
1251 , 0
1252 , 0
1253 , 0
1254 , 0
1255 , 0
1256 , 0
1257 , 0
1258 , 0
1259 , 0
1260 , 172
1261 , 0
1262 , 0
1263 , 0
1264 , 0
1265 , 0
1266 , 0
1267 , 0
1268 , 0
1269 , 0
1270 , 0
1271 , 0
1272 , 0
1273 , 0
1274 , 0
1275 , 0
1276 , 0
1277 , 0
1278 , 0
1279 , 0
1280 , 0
1281 , 0
1282 , 0
1283 , 0
1284 , 0
1285 , 0
1286 , 0
1287 , 0
1288 , 0
1289 , 0
1290 , 0
1291 , 142
1292 , 0
1293 , 2607
1294 , 0
1295 , 0
1296 , 909670
1297 , 2
1298 , 0
1299 , 0
1300 , 0
1301 , 0
1302 , 284
1303 , 0
1304 , 0
1305 , 6
1306 , 1
1307 , 0
1308 , 0
1309 , 0
1310 , 0
1311 , 63
1312 , 0
1313 , 251
1314 , 0
1315 , 81
1316 , 0
1317 , 422
1318 , 0
1319 , 0
1320 , 50765
1321 , 37201
1322 , 18
1323 , 0
1324 , 0
1325 , 232
1326 , 199
1327 , 0
1328 , 0
1329 , 0
1330 , 0
1331 , 0
1332 , 0
1333 , 1917
1334 , 0
1335 , 0
1336 , 0
1337 , 14
1338 , 0
1339 , 8178
1340 , 0
1341 , 0
1342 , 0
1343 , 0
1344 , 0
1345 , 0
1346 , 0
1347 , 0
1348 , 2
1349 , 0
1350 , 0
1351 , 0
1352 , 0
1353 , 3
1354 , 0
1355 , 0
1356 , 0
1357 , 0
1358 , 0
1359 , 0
1360 , 0
1361 , 0
1362 , 0
1363 , 2
1364 , 2
1365 , 0
1366 , 0
1367 , 0
1368 , 0
1369 , 0
1370 , 1190
1371 , 7
1372 , 0
1373 , 0
1374 , 0
1375 , 0
1376 , 833
1377 , 0
1378 , 18
1379 , 9
1380 , 126
1381 , 0
1382 , 0
1383 , 0
1384 , 0
1385 , 0
1386 , 0
1387 , 0
1388 , 0
1389 , 0
1390 , 0
1391 , 0
1392 , 0
1393 , 6
1394 , 0
1395 , 0
1396 , 0
1397 , 0
1398 , 0
1399 , 0
1400 , 0
1401 , 0
1402 , 0
1403 , 0
1404 , 0
1405 , 0
1406 , 20
1407 , 219
1408 , 0
1409 , 0
1410 , 1
1411 , 0
1412 , 0
1413 , 764
1414 , 0
1415 , 3075
1416 , 0
1417 , 217
1418 , 0
1419 , 0
1420 , 0
1421 , 1
1422 , 0
1423 , 0
1424 , 0
1425 , 0
1426 , 0
1427 , 0
1428 , 0
1429 , 2646
1430 , 16794
1431 , 0
1432 , 0
1433 , 30362
1434 , 0
1435 , 0
1436 , 66840
1437 , 124684
1438 , 0
1439 , 73110
1440 , 0
1441 , 748
1442 , 1097
1443 , 1
1444 , 629
1445 , 0
1446 , 0
1447 , 20
1448 , 0
1449 , 174897
1450 , 0
1451 , 643
1452 , 55489
1453 , 0
1454 , 0
1455 , 0
1456 , 0
1457 , 0
1458 , 1
1459 , 0
1460 , 0
1461 , 10186
1462 , 0
1463 , 20
1464 , 0
1465 , 45
1466 , 0
1467 , 0
1468 , 0
1469 , 0
1470 , 0
1471 , 0
1472 , 75
1473 , 0
1474 , 77
1475 , 0
1476 , 1
1477 , 0
1478 , 0
1479 , 0
1480 , 81
1481 , 81
1482 , 65
1483 , 0
1484 , 0
1485 , 568
1486 , 0
1487 , 0
1488 , 0
1489 , 2
1490 , 0
1491 , 0
1492 , 0
1493 , 0
1494 , 0
1495 , 103
1496 , 0
1497 , 0
1498 , 0
1499 , 0
1500 , 0
1501 , 0
1502 , 0
1503 , 199
1504 , 8
1505 , 0
1506 , 0
1507 , 0
1508 , 1
1509 , 0
1510 , 884
1511 , 0
1512 , 612
1513 , 80
1514 , 2359
1515 , 0
1516 , 762
1517 , 0
1518 , 0
1519 , 191
1520 , 0
1521 , 0
1522 , 0
1523 , 2
1524 , 102
1525 , 0
1526 , 0
1527 , 0
1528 , 0
1529 , 2
1530 , 85
1531 , 2
1532 , 0
1533 , 0
1534 , 2
1535 , 0
1536 , 0
1537 , 0
1538 , 0
1539 , 196
1540 , 29
1541 , 0
1542 , 2
1543 , 2
1544 , 3
1545 , 0
1546 , 0
1547 , 1906
1548 , 0
1549 , 0
1550 , 0
1551 , 0
1552 , 0
1553 , 0
1554 , 80
1555 , 0
1556 , 2
1557 , 0
1558 , 0
1559 , 0
1560 , 0
1561 , 0
1562 , 0
1563 , 0
1564 , 2004
1565 , 0
1566 , 0
1567 , 0
1568 , 0
1569 , 1
1570 , 37
1571 , 0
1572 , 0
1573 , 0
1574 , 254
1575 , 0
1576 , 990
1577 , 74
1578 , 1109
1579 , 0
1580 , 937
1581 , 0
1582 , 0
1583 , 0
1584 , 0
1585 , 0
1586 , 0
1587 , 0
1588 , 0
1589 , 0
1590 , 0
1591 , 0
1592 , 0
1593 , 0
1594 , 0
1595 , 0
1596 , 0
1597 , 0
1598 , 0
1599 , 0
1600 , 0
1601 , 6
1602 , 0
1603 , 40
1604 , 0
1605 , 0
1606 , 0
1607 , 0
1608 , 428
1609 , 366
1610 , 0
1611 , 1
1612 , 0
1613 , 0
1614 , 0
1615 , 26
1616 , 26
1617 , 0
1618 , 0
1619 , 0
1620 , 5
1621 , 0
1622 , 1
1623 , 0
1624 , 0
1625 , 2
1626 , 3
1627 , 3094
1628 , 0
1629 , 0
1630 , 0
1631 , 478
1632 , 265
1633 , 22
1634 , 429
1635 , 29
1636 , 0
1637 , 0
1638 , 0
1639 , 0
1640 , 21
1641 , 57
1642 , 0
1643 , 1797
1644 , 13
1645 , 14956
1646 , 60
1647 , 11437
1648 , 2173
1649 , 0
1650 , 0
1651 , 0
1652 , 0
1653 , 0
1654 , 1
1655 , 0
1656 , 0
1657 , 0
1658 , 95
1659 , 351
1660 , 330
1661 , 50
1662 , 96
1663 , 879
1664 , 0
1665 , 3
1666 , 5
1667 , 4
1668 , 0
1669 , 0
1670 , 9558
1671 , 463
1672 , 68
1673 , 4883
1674 , 0
1675 , 2
1676 , 0
1677 , 44
1678 , 1
1679 , 1
1680 , 66
1681 , 3
1682 , 0
1683 , 0
1684 , 0
1685 , 0
1686 , 0
1687 , 1
1688 , 130
1689 , 0
1690 , 0
1691 , 0
1692 , 0
1693 , 0
1694 , 3
1695 , 0
1696 , 0
1697 , 0
1698 , 0
1699 , 0
1700 , 13
1701 , 0
1702 , 2
1703 , 0
1704 , 0
1705 , 411
1706 , 0
1707 , 0
1708 , 0
1709 , 47
1710 , 0
1711 , 0
1712 , 4227
1713 , 0
1714 , 2
1715 , 1
1716 , 4292
1717 , 0
1718 , 0
1719 , 0
1720 , 0
1721 , 0
1722 , 136
1723 , 0
1724 , 86
1725 , 27
1726 , 9
1727 , 11
1728 , 0
1729 , 0
1730 , 0
1731 , 0
1732 , 0
1733 , 0
1734 , 0
1735 , 0
1736 , 56
1737 , 29
1738 , 0
1739 , 0
1740 , 2
1741 , 6
1742 , 55
1743 , 6
1744 , 0
1745 , 0
1746 , 46
1747 , 8
1748 , 0
1749 , 0
1750 , 0
1751 , 4
1752 , 2
1753 , 44
1754 , 0
1755 , 0
1756 , 0
1757 , 170
1758 , 0
1759 , 0
1760 , 14
1761 , 30388
1762 , 0
1763 , 0
1764 , 0
1765 , 534
1766 , 0
1767 , 149
1768 , 12
1769 , 0
1770 , 0
1771 , 0
1772 , 0
1773 , 0
1774 , 1
1775 , 1043
1776 , 2
1777 , 2492
1778 , 0
1779 , 0
1780 , 0
1781 , 0
1782 , 0
1783 , 1
1784 , 0
1785 , 0
1786 , 0
1787 , 0
1788 , 0
1789 , 0
1790 , 0
1791 , 0
1792 , 0
1793 , 0
1794 , 0
1795 , 76
1796 , 0
1797 , 0
1798 , 0
1799 , 0
1800 , 0
1801 , 0
1802 , 0
1803 , 0
1804 , 0
1805 , 0
1806 , 1523
1807 , 0
1808 , 0
1809 , 0
1810 , 0
1811 , 0
1812 , 0
1813 , 0
1814 , 0
1815 , 0
1816 , 0
1817 , 0
1818 , 0
1819 , 0
1820 , 0
1821 , 0
1822 , 0
1823 , 361
1824 , 0
1825 , 0
1826 , 7
1827 , 0
1828 , 0
1829 , 0
1830 , 0
1831 , 105
1832 , 0
1833 , 15
1834 , 0
1835 , 639
1836 , 0
1837 , 0
1838 , 0
1839 , 0
1840 , 90
1841 , 0
1842 , 922
1843 , 0
1844 , 0
1845 , 0
1846 , 0
1847 , 7
1848 , 0
1849 , 11
1850 , 0
1851 , 0
1852 , 0
1853 , 45
1854 , 0
1855 , 0
1856 , 0
1857 , 0
1858 , 1
1859 , 34
1860 , 0
1861 , 0
1862 , 2
1863 , 26
1864 , 0
1865 , 0
1866 , 0
1867 , 105
1868 , 0
1869 , 0
1870 , 19
1871 , 0
1872 , 0
1873 , 0
1874 , 19
1875 , 19
1876 , 0
1877 , 0
1878 , 549
1879 , 0
1880 , 0
1881 , 0
1882 , 0
1883 , 0
1884 , 0
1885 , 0
1886 , 0
1887 , 0
1888 , 0
1889 , 0
1890 , 0
1891 , 0
1892 , 0
1893 , 0
1894 , 0
1895 , 1516
1896 , 3434
1897 , 0
1898 , 0
1899 , 2378
1900 , 561681
1901 , 4
1902 , 0
1903 , 0
1904 , 0
1905 , 0
1906 , 0
1907 , 0
1908 , 0
1909 , 20123
1910 , 3019
1911 , 0
1912 , 0
1913 , 0
1914 , 0
1915 , 5
1916 , 1
1917 , 0
1918 , 0
1919 , 0
1920 , 0
1921 , 0
1922 , 45
1923 , 3
1924 , 0
1925 , 0
1926 , 0
1927 , 0
1928 , 0
1929 , 0
1930 , 0
1931 , 3552
1932 , 36
1933 , 0
1934 , 678
1935 , 0
1936 , 63
1937 , 1666
1938 , 0
1939 , 0
1940 , 0
1941 , 0
1942 , 61
1943 , 0
1944 , 0
1945 , 2
1946 , 0
1947 , 47
1948 , 0
1949 , 0
1950 , 4
1951 , 19
1952 , 0
1953 , 0
1954 , 0
1955 , 0
1956 , 147
1957 , 0
1958 , 0
1959 , 0
1960 , 0
1961 , 0
1962 , 0
1963 , 0
1964 , 0
1965 , 3
1966 , 0
1967 , 0
1968 , 236
1969 , 4
1970 , 0
1971 , 0
1972 , 0
1973 , 10
1974 , 10
1975 , 0
1976 , 0
1977 , 241
1978 , 0
1979 , 0
1980 , 0
1981 , 14
1982 , 0
1983 , 0
1984 , 29
1985 , 4664
1986 , 0
1987 , 17
1988 , 0
1989 , 0
1990 , 0
1991 , 7
1992 , 0
1993 , 0
1994 , 15
1995 , 715
1996 , 638
1997 , 682
1998 , 0
1999 , 0
2000 , 0
2001 , 0
2002 , 12
2003 , 0
2004 , 0
2005 , 0
2006 , 0
2007 , 0
2008 , 0
2009 , 0
2010 , 63
2011 , 2
2012 , 0
2013 , 0
2014 , 0
2015 , 0
2016 , 0
2017 , 0
2018 , 0
2019 , 0
2020 , 0
2021 , 0
2022 , 162
2023 , 68
2024 , 0
2025 , 661
2026 , 31
2027 , 130
2028 , 36439
2029 , 0
2030 , 0
2031 , 3
2032 , 571
2033 , 0
2034 , 0
2035 , 3
2036 , 1
2037 , 0
2038 , 1735
2039 , 6
2040 , 251
2041 , 0
2042 , 12
2043 , 0
2044 , 35
2045 , 0
2046 , 24
2047 , 0
2048 , 156
2049 , 0
2050 , 447
2051 , 0
2052 , 110
2053 , 86
2054 , 0
2055 , 0
2056 , 392
2057 , 0
2058 , 3
2059 , 2113
2060 , 147
2061 , 0
2062 , 1
2063 , 0
2064 , 3077
2065 , 3736
2066 , 0
2067 , 0
2068 , 0
2069 , 0
2070 , 1003
2071 , 2752
2072 , 20
2073 , 0
2074 , 0
2075 , 0
2076 , 0
2077 , 109
2078 , 0
2079 , 643
2080 , 161
2081 , 7
2082 , 4
2083 , 139
2084 , 3235
2085 , 0
2086 , 0
2087 , 0
2088 , 0
2089 , 6
2090 , 6
2091 , 65
2092 , 46464
2093 , 1266
2094 , 0
2095 , 0
2096 , 0
2097 , 3
2098 , 2
2099 , 0
2100 , 0
2101 , 0
2102 , 91
2103 , 91
2104 , 0
2105 , 0
2106 , 0
2107 , 0
2108 , 3
2109 , 0
2110 , 3
2111 , 1
2112 , 5
2113 , 0
2114 , 0
2115 , 0
2116 , 0
2117 , 0
2118 , 5
2119 , 0
2120 , 0
2121 , 0
2122 , 187
2123 , 0
2124 , 0
2125 , 0
2126 , 1
2127 , 0
2128 , 0
2129 , 0
2130 , 0
2131 , 0
2132 , 0
2133 , 0
2134 , 0
2135 , 0
2136 , 0
2137 , 0
2138 , 0
2139 , 1
2140 , 0
2141 , 25
2142 , 25
2143 , 4
2144 , 0
2145 , 20
2146 , 0
2147 , 0
2148 , 99
2149 , 0
2150 , 0
2151 , 0
2152 , 0
2153 , 5
2154 , 10
2155 , 0
2156 , 0
2157 , 0
2158 , 0
2159 , 241477
2160 , 1
2161 , 0
2162 , 0
2163 , 0
2164 , 0
2165 , 0
2166 , 0
2167 , 0
2168 , 0
2169 , 0
2170 , 0
2171 , 3
2172 , 0
2173 , 0
2174 , 8
2175 , 0
2176 , 0
2177 , 199
2178 , 0
2179 , 0
2180 , 0
2181 , 0
2182 , 0
2183 , 0
2184 , 0
2185 , 0
2186 , 94
2187 , 0
2188 , 150
2189 , 0
2190 , 1
2191 , 263
2192 , 0
2193 , 0
2194 , 0
2195 , 0
2196 , 7
2197 , 0
2198 , 0
2199 , 3
2200 , 0
2201 , 3084
2202 , 0
2203 , 0
2204 , 0
2205 , 0
2206 , 41
2207 , 2
2208 , 0
2209 , 822
2210 , 0
2211 , 322
2212 , 0
2213 , 0
2214 , 2415
2215 , 0
2216 , 0
2217 , 1399
2218 , 111
2219 , 0
2220 , 18
2221 , 0
2222 , 0
2223 , 0
2224 , 0
2225 , 0
2226 , 3
2227 , 0
2228 , 0
2229 , 0
2230 , 11
2231 , 0
2232 , 0
2233 , 0
2234 , 0
2235 , 0
2236 , 0
2237 , 0
2238 , 8
2239 , 92
2240 , 6
2241 , 0
2242 , 0
2243 , 4202
2244 , 356
2245 , 0
2246 , 355
2247 , 2
2248 , 149
2249 , 0
2250 , 2
2251 , 4722
2252 , 0
2253 , 0
2254 , 0
2255 , 0
2256 , 0
2257 , 0
2258 , 0
2259 , 0
2260 , 66
2261 , 0
2262 , 0
2263 , 0
2264 , 0
2265 , 0
2266 , 2
2267 , 0
2268 , 0
2269 , 0
2270 , 0
2271 , 0
2272 , 0
2273 , 4581
2274 , 0
2275 , 5
2276 , 0
2277 , 38
2278 , 0
2279 , 0
2280 , 0
2281 , 0
2282 , 0
2283 , 0
2284 , 0
2285 , 0
2286 , 0
2287 , 0
2288 , 0
2289 , 0
2290 , 0
2291 , 0
2292 , 0
2293 , 0
2294 , 2
2295 , 0
2296 , 0
2297 , 0
2298 , 0
2299 , 0
2300 , 0
2301 , 0
2302 , 0
2303 , 0
2304 , 0
2305 , 228
2306 , 6
2307 , 0
2308 , 895
2309 , 1957
2310 , 0
2311 , 0
2312 , 0
2313 , 0
2314 , 0
2315 , 0
2316 , 0
2317 , 5
2318 , 0
2319 , 20
2320 , 2
2321 , 1
2322 , 0
2323 , 0
2324 , 0
2325 , 0
2326 , 0
2327 , 0
2328 , 0
2329 , 0
2330 , 0
2331 , 0
2332 , 0
2333 , 0
2334 , 0
2335 , 415
2336 , 0
2337 , 0
2338 , 0
2339 , 0
2340 , 0
2341 , 0
2342 , 0
2343 , 7
2344 , 3766
2345 , 5861
2346 , 0
2347 , 0
2348 , 0
2349 , 0
2350 , 1
2351 , 0
2352 , 0
2353 , 1
2354 , 0
2355 , 0
2356 , 0
2357 , 0
2358 , 0
2359 , 0
2360 , 0
2361 , 223
2362 , 103
2363 , 172
2364 , 48
2365 , 110
2366 , 468
2367 , 116
2368 , 0
2369 , 3
2370 , 0
2371 , 9933
2372 , 4
2373 , 34
2374 , 0
2375 , 0
2376 , 0
2377 , 0
2378 , 0
2379 , 0
2380 , 0
2381 , 0
2382 , 0
2383 , 0
2384 , 0
2385 , 222
2386 , 0
2387 , 0
2388 , 0
2389 , 0
2390 , 199
2391 , 357
2392 , 14723
2393 , 0
2394 , 6306
2395 , 1
2396 , 1355
2397 , 0
2398 , 0
2399 , 0
2400 , 0
2401 , 0
2402 , 0
2403 , 0
2404 , 0
2405 , 0
2406 , 440
2407 , 0
2408 , 2
2409 , 0
2410 , 0
2411 , 0
2412 , 422
2413 , 0
2414 , 0
2415 , 0
2416 , 0
2417 , 0
2418 , 0
2419 , 0
2420 , 0
2421 , 0
2422 , 0
2423 , 0
2424 , 0
2425 , 0
2426 , 0
2427 , 0
2428 , 0
2429 , 0
2430 , 0
2431 , 0
2432 , 0
2433 , 4
2434 , 0
2435 , 21
2436 , 156
2437 , 0
2438 , 0
2439 , 0
2440 , 219
2441 , 0
2442 , 0
2443 , 0
2444 , 0
2445 , 0
2446 , 0
2447 , 0
2448 , 826
2449 , 0
2450 , 0
2451 , 0
2452 , 995
2453 , 57
2454 , 0
2455 , 0
2456 , 97
2457 , 391
2458 , 0
2459 , 0
2460 , 0
2461 , 0
2462 , 0
2463 , 0
2464 , 0
2465 , 0
2466 , 0
2467 , 0
2468 , 0
2469 , 0
2470 , 0
2471 , 0
2472 , 21
2473 , 0
2474 , 0
2475 , 0
2476 , 0
2477 , 0
2478 , 0
2479 , 3537
2480 , 207
2481 , 4
2482 , 83
2483 , 13
2484 , 13
2485 , 142
2486 , 10
2487 , 8652
2488 , 0
2489 , 13
2490 , 0
2491 , 0
2492 , 0
2493 , 0
2494 , 157
2495 , 0
2496 , 0
2497 , 0
2498 , 6
2499 , 0
2500 , 99
2501 , 98
2502 , 0
2503 , 0
2504 , 0
2505 , 22249
2506 , 0
2507 , 22
2508 , 20
2509 , 0
2510 , 0
2511 , 0
2512 , 0
2513 , 0
2514 , 1027
2515 , 0
2516 , 0
2517 , 3256
2518 , 5
2519 , 0
2520 , 0
2521 , 6
2522 , 0
2523 , 0
2524 , 0
2525 , 0
2526 , 0
2527 , 0
2528 , 0
2529 , 0
2530 , 0
2531 , 0
2532 , 0
2533 , 0
2534 , 204
2535 , 0
2536 , 0
2537 , 0
2538 , 0
2539 , 0
2540 , 6
2541 , 31
2542 , 0
2543 , 216
2544 , 255
2545 , 0
2546 , 0
2547 , 902
2548 , 0
2549 , 0
2550 , 5372
2551 , 121
2552 , 0
2553 , 0
2554 , 0
2555 , 0
2556 , 0
2557 , 2
2558 , 0
2559 , 3
2560 , 0
2561 , 75
2562 , 234
2563 , 0
2564 , 0
2565 , 360
2566 , 2
2567 , 36
2568 , 45
2569 , 0
2570 , 2
2571 , 51
2572 , 1
2573 , 0
2574 , 0
2575 , 0
2576 , 0
2577 , 0
2578 , 30
2579 , 0
2580 , 12
2581 , 0
2582 , 21
2583 , 172
2584 , 6
2585 , 0
2586 , 0
2587 , 3
2588 , 0
2589 , 0
2590 , 0
2591 , 0
2592 , 105
2593 , 0
2594 , 0
2595 , 0
2596 , 0
2597 , 0
2598 , 0
2599 , 0
2600 , 75
2601 , 7744
2602 , 0
2603 , 76
2604 , 11544
2605 , 0
2606 , 13
2607 , 24
2608 , 0
2609 , 0
2610 , 940
2611 , 0
2612 , 0
2613 , 50
2614 , 0
2615 , 8
2616 , 0
2617 , 0
2618 , 0
2619 , 0
2620 , 2
2621 , 0
2622 , 4
2623 , 86
2624 , 0
2625 , 0
2626 , 0
2627 , 0
2628 , 0
2629 , 0
2630 , 0
2631 , 0
2632 , 0
2633 , 0
2634 , 3
2635 , 0
2636 , 862
2637 , 0
2638 , 3696
2639 , 26
2640 , 39
2641 , 0
2642 , 0
2643 , 0
2644 , 93
2645 , 37
2646 , 0
2647 , 0
2648 , 1
2649 , 0
2650 , 36807
2651 , 2202
2652 , 2
2653 , 60
2654 , 8162
2655 , 760
2656 , 0
2657 , 0
2658 , 0
2659 , 70
2660 , 0
2661 , 0
2662 , 0
2663 , 0
2664 , 0
2665 , 4304
2666 , 884859
2667 , 3
2668 , 266
2669 , 1503
2670 , 0
2671 , 507
2672 , 0
2673 , 0
2674 , 56
2675 , 0
2676 , 494
2677 , 0
2678 , 0
2679 , 0
2680 , 2
2681 , 14
2682 , 0
2683 , 5002
2684 , 0
2685 , 0
2686 , 5
2687 , 0
2688 , 0
2689 , 0
2690 , 0
2691 , 4522
2692 , 13
2693 , 0
2694 , 0
2695 , 0
2696 , 135
2697 , 0
2698 , 0
2699 , 0
2700 , 0
2701 , 0
2702 , 0
2703 , 0
2704 , 2235
2705 , 0
2706 , 0
2707 , 0
2708 , 0
2709 , 514
2710 , 0
2711 , 0
2712 , 0
2713 , 0
2714 , 0
2715 , 0
2716 , 0
2717 , 0
2718 , 0
2719 , 0
2720 , 98
2721 , 44
2722 , 0
2723 , 0
2724 , 0
2725 , 0
2726 , 2295
2727 , 0
2728 , 0
2729 , 0
2730 , 0
2731 , 0
2732 , 0
2733 , 0
2734 , 0
2735 , 0
2736 , 0
2737 , 0
2738 , 0
2739 , 2109
2740 , 0
2741 , 48
2742 , 0
2743 , 0
2744 , 3576
2745 , 0
2746 , 0
2747 , 75
2748 , 0
2749 , 2
2750 , 14
2751 , 0
2752 , 0
2753 , 6
2754 , 0
2755 , 0
2756 , 0
2757 , 0
2758 , 0
2759 , 20
2760 , 2
2761 , 0
2762 , 0
2763 , 0
2764 , 0
2765 , 0
2766 , 0
2767 , 0
2768 , 0
2769 , 0
2770 , 0
2771 , 0
2772 , 4
2773 , 13
2774 , 0
2775 , 0
2776 , 0
2777 , 0
2778 , 0
2779 , 0
2780 , 0
2781 , 0
2782 , 0
2783 , 96
2784 , 0
2785 , 17
2786 , 0
2787 , 0
2788 , 0
2789 , 0
2790 , 18
2791 , 34
2792 , 20
2793 , 0
2794 , 1
2795 , 0
2796 , 0
2797 , 0
2798 , 0
2799 , 0
2800 , 1137
2801 , 246
2802 , 18628
2803 , 5476
2804 , 62680
2805 , 0
2806 , 773
2807 , 0
2808 , 0
2809 , 0
2810 , 2
2811 , 4881
2812 , 0
2813 , 0
2814 , 1
2815 , 14
2816 , 34473
2817 , 0
2818 , 1
2819 , 0
2820 , 0
2821 , 0
2822 , 0
2823 , 0
2824 , 0
2825 , 0
2826 , 0
2827 , 0
2828 , 0
2829 , 0
2830 , 10
2831 , 203
2832 , 0
2833 , 1579
2834 , 4
2835 , 0
2836 , 0
2837 , 2680
2838 , 0
2839 , 0
2840 , 0
2841 , 0
2842 , 0
2843 , 73
2844 , 0
2845 , 0
2846 , 27
2847 , 154
2848 , 0
2849 , 0
2850 , 0
2851 , 0
2852 , 0
2853 , 46409
2854 , 0
2855 , 257855
2856 , 1334
2857 , 850
2858 , 25
2859 , 0
2860 , 0
2861 , 0
2862 , 0
2863 , 0
2864 , 0
2865 , 32
2866 , 0
2867 , 0
2868 , 475
2869 , 0
2870 , 0
2871 , 0
2872 , 0
2873 , 0
2874 , 3
2875 , 297
2876 , 1
2877 , 348
2878 , 132
2879 , 163
2880 , 0
2881 , 95
2882 , 10
2883 , 18
2884 , 0
2885 , 0
2886 , 0
2887 , 0
2888 , 0
2889 , 0
2890 , 0
2891 , 0
2892 , 0
2893 , 5
2894 , 3
2895 , 0
2896 , 11
2897 , 0
2898 , 5
2899 , 0
2900 , 0
2901 , 0
2902 , 0
2903 , 7
2904 , 0
2905 , 0
2906 , 2
2907 , 1572
2908 , 1573
2909 , 421
2910 , 0
2911 , 22
2912 , 0
2913 , 0
2914 , 0
2915 , 0
2916 , 0
2917 , 519
2918 , 0
2919 , 39
2920 , 43
2921 , 43
2922 , 51
2923 , 0
2924 , 206
2925 , 9
2926 , 0
2927 , 56
2928 , 0
2929 , 0
2930 , 0
2931 , 0
2932 , 0
2933 , 0
2934 , 0
2935 , 0
2936 , 93
2937 , 0
2938 , 0
2939 , 112
2940 , 0
2941 , 0
2942 , 15
2943 , 0
2944 , 0
2945 , 520
2946 , 227
2947 , 0
2948 , 0
2949 , 0
2950 , 485
2951 , 0
2952 , 0
2953 , 0
2954 , 0
2955 , 0
2956 , 0
2957 , 79
2958 , 77
2959 , 3728
2960 , 0
2961 , 954
2962 , 38416
2963 , 0
2964 , 26
2965 , 910
2966 , 0
2967 , 0
2968 , 0
2969 , 0
2970 , 0
2971 , 0
2972 , 45
2973 , 36
2974 , 125
2975 , 0
2976 , 0
2977 , 0
2978 , 57
2979 , 0
2980 , 0
2981 , 0
2982 , 0
2983 , 0
2984 , 122
2985 , 0
2986 , 0
2987 , 0
2988 , 0
2989 , 46
2990 , 0
2991 , 0
2992 , 0
2993 , 0
2994 , 0
2995 , 11
2996 , 34
2997 , 31
2998 , 0
2999 , 0
3000 , 0
3001 , 0
3002 , 1409
3003 , 0
3004 , 99
3005 , 44
3006 , 0
3007 , 0
3008 , 7
3009 , 17
3010 , 63
3011 , 0
3012 , 0
3013 , 0
3014 , 0
3015 , 0
3016 , 0
3017 , 0
3018 , 0
3019 , 0
3020 , 0
3021 , 0
3022 , 894
3023 , 37654
3024 , 0
3025 , 22
3026 , 0
3027 , 0
3028 , 0
3029 , 0
3030 , 2
3031 , 0
3032 , 0
3033 , 0
3034 , 0
3035 , 7
3036 , 0
3037 , 0
3038 , 8
3039 , 0
3040 , 0
3041 , 0
3042 , 0
3043 , 7
3044 , 88
3045 , 0
3046 , 0
3047 , 0
3048 , 0
3049 , 0
3050 , 0
3051 , 0
3052 , 0
3053 , 7487
3054 , 0
3055 , 13104
3056 , 0
3057 , 751
3058 , 0
3059 , 7097
3060 , 7079
3061 , 7079
3062 , 5700
3063 , 1010
3064 , 0
3065 , 0
3066 , 0
3067 , 0
3068 , 0
3069 , 5
3070 , 0
3071 , 0
3072 , 0
3073 , 0
3074 , 3047
3075 , 0
3076 , 2761
3077 , 0
3078 , 0
3079 , 24
3080 , 0
3081 , 0
3082 , 0
3083 , 3
3084 , 36
3085 , 0
3086 , 0
3087 , 0
3088 , 0
3089 , 7
3090 , 7
3091 , 0
3092 , 0
3093 , 0
3094 , 0
3095 , 17
3096 , 0
3097 , 0
3098 , 1165
3099 , 0
3100 , 0
3101 , 21
3102 , 0
3103 , 0
3104 , 11
3105 , 0
3106 , 3
3107 , 0
3108 , 0
3109 , 0
3110 , 0
3111 , 0
3112 , 0
3113 , 0
3114 , 0
3115 , 0
3116 , 5201
3117 , 0
3118 , 0
3119 , 0
3120 , 0
3121 , 0
3122 , 0
3123 , 124
3124 , 0
3125 , 0
3126 , 0
3127 , 0
3128 , 0
3129 , 0
3130 , 0
3131 , 0
3132 , 16887
3133 , 16624
3134 , 550
3135 , 0
3136 , 0
3137 , 0
3138 , 19
3139 , 81
3140 , 0
3141 , 64
3142 , 8
3143 , 0
3144 , 0
3145 , 21
3146 , 0
3147 , 0
3148 , 0
3149 , 0
3150 , 0
3151 , 0
3152 , 0
3153 , 0
3154 , 0
3155 , 0
3156 , 1
3157 , 0
3158 , 0
3159 , 5
3160 , 0
3161 , 0
3162 , 0
3163 , 0
3164 , 0
3165 , 58
3166 , 0
3167 , 0
3168 , 0
3169 , 0
3170 , 0
3171 , 9
3172 , 0
3173 , 0
3174 , 0
3175 , 0
3176 , 22
3177 , 0
3178 , 0
3179 , 0
3180 , 0
3181 , 51328
3182 , 264
3183 , 7
3184 , 10
3185 , 44
3186 , 0
3187 , 0
3188 , 0
3189 , 0
3190 , 0
3191 , 0
3192 , 0
3193 , 0
3194 , 0
3195 , 0
3196 , 0
3197 , 0
3198 , 0
3199 , 0
3200 , 0
3201 , 0
3202 , 0
3203 , 0
3204 , 0
3205 , 0
3206 , 0
3207 , 0
3208 , 16
3209 , 334
3210 , 0
3211 , 28
3212 , 0
3213 , 0
3214 , 0
3215 , 0
3216 , 1
3217 , 0
3218 , 0
3219 , 0
3220 , 0
3221 , 0
3222 , 389
3223 , 191
3224 , 0
3225 , 0
3226 , 1
3227 , 56
3228 , 0
3229 , 34
3230 , 0
3231 , 132
3232 , 0
3233 , 0
3234 , 0
3235 , 0
3236 , 0
3237 , 2
3238 , 0
3239 , 0
3240 , 51
3241 , 61
3242 , 46
3243 , 3
3244 , 0
3245 , 0
3246 , 2
3247 , 0
3248 , 0
3249 , 215
3250 , 0
3251 , 961
3252 , 0
3253 , 118
3254 , 0
3255 , 0
3256 , 479
3257 , 0
3258 , 951
3259 , 0
3260 , 28
3261 , 0
3262 , 0
3263 , 0
3264 , 0
3265 , 738
3266 , 0
3267 , 0
3268 , 0
3269 , 18
3270 , 0
3271 , 0
3272 , 2188
3273 , 1154
3274 , 0
3275 , 399
3276 , 9
3277 , 0
3278 , 10082
3279 , 0
3280 , 160
3281 , 21
3282 , 0
3283 , 59
3284 , 1424
3285 , 99
3286 , 0
3287 , 6
3288 , 126
3289 , 0
3290 , 0
3291 , 0
3292 , 0
3293 , 0
3294 , 0
3295 , 0
3296 , 20
3297 , 0
3298 , 0
3299 , 0
3300 , 313
3301 , 40
3302 , 19
3303 , 177
3304 , 0
3305 , 561
3306 , 0
3307 , 0
3308 , 552
3309 , 0
3310 , 0
3311 , 0
3312 , 0
3313 , 0
3314 , 0
3315 , 0
3316 , 0
3317 , 0
3318 , 0
3319 , 0
3320 , 0
3321 , 0
3322 , 0
3323 , 0
3324 , 0
3325 , 0
3326 , 0
3327 , 0
3328 , 0
3329 , 0
3330 , 0
3331 , 3
3332 , 0
3333 , 0
3334 , 0
3335 , 17520
3336 , 2
3337 , 4
3338 , 38545
3339 , 0
3340 , 0
3341 , 12672
3342 , 55
3343 , 10
3344 , 0
3345 , 7105
3346 , 3
3347 , 0
3348 , 0
3349 , 0
3350 , 0
3351 , 3254
3352 , 0
3353 , 0
3354 , 127
3355 , 4
3356 , 83
3357 , 0
3358 , 0
3359 , 0
3360 , 6
3361 , 0
3362 , 0
3363 , 8183
3364 , 0
3365 , 0
3366 , 2
3367 , 0
3368 , 7
3369 , 5
3370 , 0
3371 , 4
3372 , 0
3373 , 0
3374 , 0
3375 , 6
3376 , 0
3377 , 7
3378 , 0
3379 , 0
3380 , 22
3381 , 0
3382 , 0
3383 , 0
3384 , 0
3385 , 0
3386 , 0
3387 , 1572
3388 , 0
3389 , 2
3390 , 5245
3391 , 0
3392 , 0
3393 , 0
3394 , 3408
3395 , 0
3396 , 0
3397 , 2
3398 , 26
3399 , 33043
3400 , 204
3401 , 11638
3402 , 0
3403 , 0
3404 , 0
3405 , 0
3406 , 37
3407 , 164
3408 , 2463
3409 , 31
3410 , 0
3411 , 26
3412 , 4571
3413 , 0
3414 , 0
3415 , 0
3416 , 0
3417 , 0
3418 , 16258
3419 , 0
3420 , 0
3421 , 1
3422 , 26
3423 , 0
3424 , 0
3425 , 2
3426 , 0
3427 , 1366
3428 , 0
3429 , 3372
3430 , 6778
3431 , 256
3432 , 0
3433 , 0
3434 , 0
3435 , 57
3436 , 0
3437 , 0
3438 , 801
3439 , 0
3440 , 0
3441 , 0
3442 , 0
3443 , 0
3444 , 0
3445 , 0
3446 , 0
3447 , 0
3448 , 0
3449 , 0
3450 , 0
3451 , 0
3452 , 0
3453 , 0
3454 , 0
3455 , 0
3456 , 0
3457 , 0
3458 , 10183
3459 , 0
3460 , 0
3461 , 3098
3462 , 0
3463 , 0
3464 , 0
3465 , 0
3466 , 2
3467 , 0
3468 , 0
3469 , 5
3470 , 0
3471 , 0
3472 , 0
3473 , 0
3474 , 66
3475 , 2162
3476 , 0
3477 , 23
3478 , 0
3479 , 0
3480 , 0
3481 , 0
3482 , 541
3483 , 6
3484 , 0
3485 , 0
3486 , 0
3487 , 218
3488 , 0
3489 , 0
3490 , 0
3491 , 0
3492 , 0
3493 , 0
3494 , 0
3495 , 0
3496 , 0
3497 , 0
3498 , 0
3499 , 0
3500 , 0
3501 , 0
3502 , 0
3503 , 0
3504 , 0
3505 , 0
3506 , 0
3507 , 0
3508 , 0
3509 , 0
3510 , 0
3511 , 0
3512 , 0
3513 , 0
3514 , 36
3515 , 25
3516 , 0
3517 , 0
3518 , 0
3519 , 0
3520 , 19117
3521 , 0
3522 , 75692
3523 , 1896
3524 , 233
3525 , 0
3526 , 0
3527 , 0
3528 , 147
3529 , 0
3530 , 279
3531 , 0
3532 , 317976
3533 , 2798
3534 , 0
3535 , 2943
3536 , 160
3537 , 0
3538 , 0
3539 , 0
3540 , 0
3541 , 0
3542 , 0
3543 , 0
3544 , 0
3545 , 0
3546 , 0
3547 , 0
3548 , 3
3549 , 352
3550 , 167915
3551 , 0
3552 , 0
3553 , 0
3554 , 55
3555 , 0
3556 , 12
3557 , 204
3558 , 0
3559 , 0
3560 , 0
3561 , 0
3562 , 0
3563 , 0
3564 , 3
3565 , 2
3566 , 0
3567 , 0
3568 , 17
3569 , 155
3570 , 0
3571 , 0
3572 , 0
3573 , 0
3574 , 0
3575 , 0
3576 , 0
3577 , 22
3578 , 8
3579 , 0
3580 , 0
3581 , 0
3582 , 0
3583 , 66
3584 , 0
3585 , 0
3586 , 0
3587 , 0
3588 , 0
3589 , 2927
3590 , 0
3591 , 20
3592 , 0
3593 , 3
3594 , 1700
3595 , 89
3596 , 0
3597 , 0
3598 , 0
3599 , 0
3600 , 0
3601 , 0
3602 , 0
3603 , 0
3604 , 120
3605 , 0
3606 , 963
3607 , 0
3608 , 5
3609 , 0
3610 , 0
3611 , 27
3612 , 0
3613 , 33
3614 , 0
3615 , 0
3616 , 22
3617 , 1
3618 , 529
3619 , 18
3620 , 0
3621 , 0
3622 , 0
3623 , 0
3624 , 0
3625 , 0
3626 , 0
3627 , 0
3628 , 0
3629 , 0
3630 , 0
3631 , 7216
3632 , 1
3633 , 0
3634 , 0
3635 , 0
3636 , 0
3637 , 0
3638 , 0
3639 , 0
3640 , 0
3641 , 0
3642 , 0
3643 , 11457
3644 , 0
3645 , 0
3646 , 6
3647 , 7
3648 , 3
3649 , 0
3650 , 7
3651 , 361
3652 , 0
3653 , 142
3654 , 0
3655 , 0
3656 , 0
3657 , 777
3658 , 0
3659 , 0
3660 , 0
3661 , 630
3662 , 0
3663 , 38
3664 , 0
3665 , 0
3666 , 0
3667 , 0
3668 , 0
3669 , 0
3670 , 0
3671 , 0
3672 , 0
3673 , 0
3674 , 30
3675 , 98
3676 , 18165
3677 , 1566
3678 , 0
3679 , 0
3680 , 0
3681 , 0
3682 , 0
3683 , 0
3684 , 4
3685 , 0
3686 , 0
3687 , 0
3688 , 10
3689 , 79
3690 , 0
3691 , 0
3692 , 382
3693 , 1973
3694 , 0
3695 , 0
3696 , 0
3697 , 0
3698 , 10
3699 , 184
3700 , 0
3701 , 0
3702 , 14
3703 , 0
3704 , 30
3705 , 0
3706 , 0
3707 , 0
3708 , 0
3709 , 0
3710 , 0
3711 , 0
3712 , 0
3713 , 0
3714 , 0
3715 , 2
3716 , 0
3717 , 0
3718 , 0
3719 , 0
3720 , 0
3721 , 48490
3722 , 0
3723 , 0
3724 , 0
3725 , 251
3726 , 0
3727 , 0
3728 , 139
3729 , 0
3730 , 0
3731 , 0
3732 , 0
3733 , 0
3734 , 0
3735 , 99
3736 , 0
3737 , 0
3738 , 0
3739 , 16
3740 , 0
3741 , 13
3742 , 0
3743 , 9
3744 , 0
3745 , 0
3746 , 136
3747 , 0
3748 , 0
3749 , 0
3750 , 265
3751 , 0
3752 , 0
3753 , 0
3754 , 0
3755 , 23
3756 , 130
3757 , 4
3758 , 0
3759 , 0
3760 , 54
3761 , 83
3762 , 0
3763 , 0
3764 , 0
3765 , 57
3766 , 0
3767 , 6
3768 , 4
3769 , 393
3770 , 0
3771 , 2
3772 , 0
3773 , 0
3774 , 0
3775 , 168
3776 , 0
3777 , 0
3778 , 0
3779 , 0
3780 , 0
3781 , 0
3782 , 0
3783 , 0
3784 , 0
3785 , 0
3786 , 1
3787 , 4855
3788 , 42
3789 , 2492
3790 , 26
3791 , 36
3792 , 20499
3793 , 0
3794 , 0
3795 , 0
3796 , 4
3797 , 5
3798 , 0
3799 , 0
3800 , 0
3801 , 85
3802 , 0
3803 , 0
3804 , 578
3805 , 0
3806 , 0
3807 , 0
3808 , 20666
3809 , 15474
3810 , 189
3811 , 28151
3812 , 0
3813 , 0
3814 , 17427
3815 , 0
3816 , 21084
3817 , 15496
3818 , 198
3819 , 17452
3820 , 0
3821 , 0
3822 , 0
3823 , 172
3824 , 16861
3825 , 27285
3826 , 14346
3827 , 0
3828 , 765
3829 , 0
3830 , 0
3831 , 1999
3832 , 0
3833 , 6
3834 , 0
3835 , 0
3836 , 0
3837 , 0
3838 , 0
3839 , 0
3840 , 0
3841 , 1
3842 , 90
3843 , 18
3844 , 11
3845 , 5
3846 , 0
3847 , 0
3848 , 0
3849 , 0
3850 , 0
3851 , 0
3852 , 0
3853 , 0
3854 , 0
3855 , 326
3856 , 0
3857 , 3
3858 , 0
3859 , 0
3860 , 3268
3861 , 0
3862 , 12
3863 , 0
3864 , 0
3865 , 1
3866 , 0
3867 , 0
3868 , 0
3869 , 1
3870 , 0
3871 , 0
3872 , 2
3873 , 0
3874 , 0
3875 , 0
3876 , 0
3877 , 0
3878 , 3
3879 , 0
3880 , 0
3881 , 0
3882 , 29
3883 , 72
3884 , 0
3885 , 24
3886 , 0
3887 , 0
3888 , 0
3889 , 25
3890 , 0
3891 , 0
3892 , 19401
3893 , 0
3894 , 3
3895 , 0
3896 , 0
3897 , 1
3898 , 0
3899 , 0
3900 , 0
3901 , 9
3902 , 0
3903 , 0
3904 , 0
3905 , 10
3906 , 27
3907 , 19
3908 , 0
3909 , 0
3910 , 0
3911 , 0
3912 , 0
3913 , 0
3914 , 0
3915 , 0
3916 , 29
3917 , 163
3918 , 0
3919 , 32
3920 , 90
3921 , 29
3922 , 0
3923 , 0
3924 , 0
3925 , 0
3926 , 1675
3927 , 0
3928 , 0
3929 , 0
3930 , 0
3931 , 0
3932 , 0
3933 , 0
3934 , 0
3935 , 0
3936 , 0
3937 , 5
3938 , 6
3939 , 0
3940 , 6
3941 , 0
3942 , 0
3943 , 0
3944 , 0
3945 , 0
3946 , 0
3947 , 0
3948 , 0
3949 , 21
3950 , 0
3951 , 268
3952 , 4
3953 , 0
3954 , 0
3955 , 12
3956 , 624
3957 , 0
3958 , 0
3959 , 0
3960 , 0
3961 , 0
3962 , 0
3963 , 0
3964 , 0
3965 , 0
3966 , 0
3967 , 0
3968 , 0
3969 , 0
3970 , 0
3971 , 0
3972 , 0
3973 , 0
3974 , 0
3975 , 451
3976 , 0
3977 , 0
3978 , 0
3979 , 0
3980 , 0
3981 , 0
3982 , 0
3983 , 0
3984 , 0
3985 , 0
3986 , 0
3987 , 0
3988 , 0
3989 , 0
3990 , 0
3991 , 0
3992 , 0
3993 , 0
3994 , 0
3995 , 0
3996 , 0
3997 , 0
3998 , 0
3999 , 0
4000 , 0
4001 , 195
4002 , 2582
4003 , 120
4004 , 0
4005 , 182
4006 , 180
4007 , 180
4008 , 204
4009 , 40
4010 , 30
4011 , 12998
4012 , 0
4013 , 4253
4014 , 6076
4015 , 6076
4016 , 4284
4017 , 1204
4018 , 0
4019 , 0
4020 , 0
4021 , 0
4022 , 0
4023 , 0
4024 , 0
4025 , 0
4026 , 0
4027 , 0
4028 , 0
4029 , 0
4030 , 0
4031 , 0
4032 , 0
4033 , 0
4034 , 0
4035 , 0
4036 , 79
4037 , 0
4038 , 3
4039 , 1241
4040 , 0
4041 , 1
4042 , 38
4043 , 1
4044 , 86
4045 , 0
4046 , 0
4047 , 1
4048 , 0
4049 , 0
4050 , 0
4051 , 40
4052 , 0
4053 , 0
4054 , 0
4055 , 0
4056 , 22
4057 , 35
4058 , 248
4059 , 0
4060 , 0
4061 , 404
4062 , 0
4063 , 0
4064 , 11
4065 , 0
4066 , 0
4067 , 206
4068 , 0
4069 , 0
4070 , 0
4071 , 0
4072 , 0
4073 , 0
4074 , 0
4075 , 0
4076 , 0
4077 , 17339
4078 , 0
4079 , 42
4080 , 0
4081 , 0
4082 , 0
4083 , 0
4084 , 0
4085 , 0
4086 , 6137
4087 , 0
4088 , 0
4089 , 0
4090 , 0
4091 , 0
4092 , 0
4093 , 0
4094 , 5048
4095 , 0
4096 , 0
4097 , 0
4098 , 0
4099 , 0
4100 , 0
4101 , 837
4102 , 205
4103 , 0
4104 , 0
4105 , 0
4106 , 0
4107 , 5
4108 , 0
4109 , 0
4110 , 0
4111 , 0
4112 , 0
4113 , 0
4114 , 0
4115 , 0
4116 , 0
4117 , 0
4118 , 0
4119 , 5
4120 , 0
4121 , 1
4122 , 0
4123 , 0
4124 , 0
4125 , 0
4126 , 416
4127 , 15
4128 , 76
4129 , 0
4130 , 0
4131 , 96
4132 , 0
4133 , 0
4134 , 0
4135 , 5
4136 , 246
4137 , 0
4138 , 0
4139 , 0
4140 , 0
4141 , 0
4142 , 0
4143 , 0
4144 , 0
4145 , 3
4146 , 0
4147 , 0
4148 , 0
4149 , 0
4150 , 0
4151 , 2
4152 , 0
4153 , 0
4154 , 38
4155 , 0
4156 , 0
4157 , 0
4158 , 8
4159 , 13828
4160 , 0
4161 , 0
4162 , 0
4163 , 0
4164 , 0
4165 , 0
4166 , 0
4167 , 0
4168 , 72
4169 , 0
4170 , 0
4171 , 0
4172 , 0
4173 , 0
4174 , 0
4175 , 12
4176 , 143
4177 , 0
4178 , 0
4179 , 258
4180 , 0
4181 , 0
4182 , 0
4183 , 1
4184 , 0
4185 , 0
4186 , 0
4187 , 0
4188 , 0
4189 , 483
4190 , 0
4191 , 0
4192 , 13192
4193 , 0
4194 , 0
4195 , 0
4196 , 159
4197 , 1584
4198 , 0
4199 , 0
4200 , 2
4201 , 0
4202 , 0
4203 , 4
4204 , 0
4205 , 0
4206 , 0
4207 , 0
4208 , 0
4209 , 0
4210 , 0
4211 , 0
4212 , 0
4213 , 0
4214 , 0
4215 , 0
4216 , 455949
4217 , 0
4218 , 0
4219 , 20
4220 , 2
4221 , 305044
4222 , 0
4223 , 0
4224 , 78
4225 , 0
4226 , 0
4227 , 0
4228 , 0
4229 , 229
4230 , 0
4231 , 0
4232 , 0
4233 , 0
4234 , 134
4235 , 0
4236 , 0
4237 , 0
4238 , 0
4239 , 0
4240 , 0
4241 , 51
4242 , 0
4243 , 44
4244 , 0
4245 , 0
4246 , 0
4247 , 0
4248 , 0
4249 , 0
4250 , 0
4251 , 0
4252 , 0
4253 , 345
4254 , 1
4255 , 0
4256 , 0
4257 , 7
4258 , 0
4259 , 0
4260 , 9
4261 , 0
4262 , 1
4263 , 45
4264 , 0
4265 , 0
4266 , 0
4267 , 0
4268 , 0
4269 , 27
4270 , 0
4271 , 0
4272 , 0
4273 , 283
4274 , 731
4275 , 0
4276 , 0
4277 , 229915
4278 , 0
4279 , 1597
4280 , 0
4281 , 0
4282 , 0
4283 , 0
4284 , 0
4285 , 0
4286 , 0
4287 , 0
4288 , 0
4289 , 4
4290 , 0
4291 , 0
4292 , 0
4293 , 2
4294 , 0
4295 , 10
4296 , 350
4297 , 392
4298 , 1
4299 , 0
4300 , 0
4301 , 0
4302 , 0
4303 , 275
4304 , 0
4305 , 0
4306 , 0
4307 , 0
4308 , 0
4309 , 12
4310 , 0
4311 , 0
4312 , 0
4313 , 0
4314 , 0
4315 , 0
4316 , 436067
4317 , 0
4318 , 0
4319 , 0
4320 , 0
4321 , 0
4322 , 0
4323 , 576
4324 , 13
4325 , 0
4326 , 564
4327 , 14
4328 , 36
4329 , 0
4330 , 5
4331 , 29
4332 , 0
4333 , 0
4334 , 9
4335 , 0
4336 , 0
4337 , 0
4338 , 0
4339 , 0
4340 , 0
4341 , 0
4342 , 0
4343 , 2
4344 , 1857
4345 , 0
4346 , 128
4347 , 1007
4348 , 0
4349 , 0
4350 , 0
4351 , 9
4352 , 0
4353 , 0
4354 , 0
4355 , 0
4356 , 766
4357 , 3914
4358 , 0
4359 , 0
4360 , 0
4361 , 0
4362 , 0
4363 , 0
4364 , 1
4365 , 0
4366 , 0
4367 , 0
4368 , 0
4369 , 0
4370 , 0
4371 , 0
4372 , 4463
4373 , 21
4374 , 0
4375 , 0
4376 , 204
4377 , 0
4378 , 0
4379 , 63
4380 , 0
4381 , 0
4382 , 0
4383 , 0
4384 , 0
4385 , 0
4386 , 0
4387 , 0
4388 , 16
4389 , 0
4390 , 5405
4391 , 2
4392 , 0
4393 , 0
4394 , 11722
4395 , 0
4396 , 1038808
4397 , 0
4398 , 0
4399 , 917065
4400 , 0
4401 , 0
4402 , 917065
4403 , 0
4404 , 917065
4405 , 4425
4406 , 917065
4407 , 0
4408 , 25016801
4409 , 2079797
4410 , 0
4411 , 0
4412 , 0
4413 , 0
4414 , 0
4415 , 43
4416 , 0
4417 , 0
4418 , 0
4419 , 0
4420 , 0
4421 , 0
4422 , 0
4423 , 0
4424 , 0
4425 , 0
4426 , 0
4427 , 0
4428 , 0
4429 , 0
4430 , 0
4431 , 0
4432 , 0
4433 , 0
4434 , 0
4435 , 0
4436 , 0
4437 , 0
4438 , 0
4439 , 0
4440 , 0
4441 , 0
4442 , 0
4443 , 0
4444 , 0
4445 , 0
4446 , 0
4447 , 0
4448 , 0
4449 , 2
4450 , 0
4451 , 0
4452 , 0
4453 , 0
4454 , 0
4455 , 0
4456 , 6
4457 , 0
4458 , 0
4459 , 0
4460 , 86
4461 , 0
4462 , 0
4463 , 0
4464 , 3
4465 , 0
4466 , 43890
4467 , 1341
4468 , 0
4469 , 0
4470 , 0
4471 , 0
4472 , 0
4473 , 0
4474 , 0
4475 , 0
4476 , 0
